Rede,Nome Fantasia,Logradouro,Bairro,Uf,Municipio
Nacional Supermercado,Nacional Bacacheri,"Avenida Prefeito Erasto Gaertner, 2194",Bacacheri,PR,Curitiba
Nacional Supermercado,Nacional São Joaquim,"Rua Sao Joaquim, 1200",São Leopoldo,RS,Sao Leopoldo
Nacional Supermercado,Nacional João Pereira,"Avenida João Pereira de Vargas, 190",Centro,RS,Sapucaia Do Sul
Nacional Supermercado,Nacional São Gabriel,"Rua Pr. Fernando Abott, 32",Centro,RS,Sao Gabriel
Nacional Supermercado,Nacional Tramandaí,"Avenida Emancipao, 1028",Centro,RS,Tramandai
Nacional Supermercado,Nacional Torres,"Avenida Jose Bonifacio, 466",Torres,RS,Torres
Nacional Supermercado,Nacional Viamão,"Avenida Americo Verpucio Cabral, 395",Centro,RS,Viamao
Nacional Supermercado,Nacional Xangri la,"Avenida Paraguassu, 5509",Centro,RS,Xangri La
Nacional Supermercado,Nacional São Borja,"Rua General Serafim Dorneles Vargas, 898",Centro,RS,Sao Borja
Nacional Supermercado,Nacional Santo Antônio da Patrulha,"Rua Francisco Jose Lopez, 336",Pitangueira,RS,Santo Antonio Da Patrulha
Nacional Supermercado,Nacional Santo Ângelo,"Rua Flor de Abreu, 1741",Centro,RS,Santo Angelo
Nacional Supermercado,Nacional Santa Rosa,"Avenida Expedicionário Weber, 317",Centro,RS,Santa Rosa
Nacional Supermercado,Nacional Medianeira,"Avenida Medianeira, 1321",Medianeira,RS,Santa Maria
Nacional Supermercado,Nacional Santa Cruz do Sul,"Rua Tenente Coronel Brito, 440",Centro,RS,Santa Cruz Do Sul
Nacional Supermercado,Nacional Teresópolis,"Avenida Teresópolis, 2893",Teresópolis,RS,Porto Alegre
Nacional Supermercado,Nacional Santana,"Rua Vicente da Fontoura, 1135",Santana,RS,Porto Alegre
Nacional Supermercado,Nacional Praia de Belas,"Avenida Praia de Belas, 1181",Praia de Belas,RS,Porto Alegre
Nacional Supermercado,Nacional Menino Deus,"Avenida Jose de Alencar, 998",Menino Deus,RS,Porto Alegre
Nacional Supermercado,Nacional Gomes Freitas,"Rua Gomes de Freitas, 73",Jardim Itu,RS,Porto Alegre
Nacional Supermercado,Nacional Lobo da Costa,"Rua Lobo da Costa, 1251",Centro,RS,Pelotas
Nacional Supermercado,Nacional Jardim Leopoldina,"Rua Doutor Romaguera da Cunha Correa, 60",,RS,Porto Alegre
Nacional Supermercado,Nacional Cidade Baixa,"Avenida Aureliano Figueredo Pinto, 789",Cidade Baixa,RS,Porto Alegre
Nacional Supermercado,Nacional Gonçalves Chaves,"Rua Goncalves Chaves, 2810",Centro,RS,Pelotas
Nacional Supermercado,Nacional Cerro Largo,"Rua Barão Cerro Largo, 1479",Centro,RS,Rosario Do Sul
Nacional Supermercado,Nacional General Osório,"Rua General Osorio, 656",Centro,RS,Pelotas
Nacional Supermercado,Nacional Barão de Azevedo,"Rua Barao de Azevedo Machado, 600",Centro,RS,Pelotas
Nacional Supermercado,Nacional Osório,"BR 101, Km 97",Centro,RS,Osorio
Nacional Supermercado,Nacional Hamburgo Velho,"Rua Leao XIII, 30",Hamburgo Velho,RS,Novo Hamburgo
Nacional Supermercado,Nacional Montenegro ,"Rua Buarque de Macedo, 40",Ferroviário,RS,Montenegro
Nacional Supermercado,Nacional Ijui,"Rua Ernesto Alves, 30",Centro,RS,Ijui
Nacional Supermercado,Nacional Bairro Schell,"Avenida Nestor M. Jardim, 1317",Ramada,RS,Guaiba
Nacional Supermercado,Nacional Guaíba,"Rua 20 de Setembro, 999",Centro,RS,Guaiba
Nacional Supermercado,Nacional Gravataí Centro,"Rua Doutor Luiz Bastos do Prado, 1750",Centro,RS,Gravatai
Nacional Supermercado,Nacional Gravataí,"Avenida dos Estados, 51",Vila Branca,RS,Gravatai
Nacional Supermercado,Nacional Gramado,"Avenida Borges de Medeiros, 2300","Salas 4, 5 e 6",RS,Gramado
Nacional Supermercado,Nacional Getúlio Vargas,"Avenida Getulio Vargas, 2420",Niteroí,RS,Canoas
Nacional Supermercado,Nacional 24 de Agosto,"Rua 24 de Agosto, 371",Centro,RS,Esteio
Nacional Supermercado,Nacional Camaquã,"Avenida Bento Goncalves, 1090",Centro,RS,Camaqua
Nacional Supermercado,Nacional Dom Pedrito,"Rua Julio de Castilhos, esquina General Neto",Centro,RS,Dom Pedrito
Nacional Supermercado,Nacional Conceição,"Avenida Saturnino de Brito, 865",Conceição,RS,Cruz Alta
Nacional Supermercado,Nacional Imbé,"Avenida Rio Grande, 10",Centro,RS,Imbe
Nacional Supermercado,Nacional Capão da Canoa,"Avenida Paraguacu, 2578",Centro,RS,Capao Da Canoa
Nacional Supermercado,Nacional Cachoeirinha,"Avenida Flores da Cunha,1850",Centro,RS,Cachoeirinha
Nacional Supermercado,Nacional Barra do Ribeiro,"Avenida Visconde Rio Grande, 1147",Centro,RS,Barra Ribeiro
Nacional Supermercado,Nacional XV de Novembro,"Rua Marechal Deodoro, 991",Centro,PR,Curitiba
Nacional Supermercado,Nacional Juvevê,"Avenida João Gualberto, 1573",Juvevê,PR,Curitiba
Nacional Supermercado,Nacional Jardim das Américas,"Rua Ana Bertha Roskamp, 10",Jardim das Américas,PR,Curitiba
Nacional Supermercado,Nacional Batel,"Avenida Sete de Setembro, 4568",Batel,PR,Curitiba
Nacional Supermercado,Nacional Comendador Araújo,"Rua Comendador Araújo, 370",,PR,Curitiba
Nacional Supermercado,Nacional Rebouças,"Rua Vinte e Quatro de Maio, 765",Rebouças,PR,Curitiba
Nacional Supermercado,Nacional Bagé,"Avenida Tupy Silveira, 1400",Centro,RS,Bage
Nacional Supermercado,Nacional General Sampaio,"Rua General Sampaio, 850",Centro,RS,Alegrete
Nacional Supermercado,Nacional General Osório,"Avenida Vicente Machado, 18",Centro,PR,Curitiba
